"Origin","VulnerableAsset","BreachTechnique","TimeOfEvent","ImpactRating","LikelihoodScore","MitigationSteps","Status","AdditionalNotes"
"Disgruntled Former Employee (Internal Threat)","Local Water Treatment Plant Pumping Station","Physical Damage to Pumping Equipment (Valve Manipulation, Motor Tampering)","2024-10-27 03:15 EDT","High (Disruption of water supply to residential areas)","Medium (Access requires proximity, but employee has prior knowledge)","Implement stricter access controls, enhance security surveillance (cameras, motion sensors), conduct thorough background checks on employees.","Active","Employee recently terminated for poor performance and known to harbor resentment towards management. Evidence of deleted files from company computer relating to plant schematics."
"Organized Environmental Activist Group (External Threat)","Regional Power Grid Substation","Cyber-Physical Attack (Compromised SCADA system leading to physical component burnout)","2024-11-15 22:00 PST","Critical (Widespread power outage affecting critical infrastructure)","Low (Requires significant technical expertise and coordinated effort)","Strengthen SCADA system security, implement network segmentation, conduct regular penetration testing, enhance physical security around substations, develop incident response plan.","Planned","Intelligence suggests a potential cyber attack followed by physical sabotage aimed at causing maximum disruption. Group has previously claimed responsibility for less severe acts of vandalism."
"Nation-State Sponsored Actor (External Threat)","National Fiber Optic Cable Landing Station","Underwater Cable Cutting using specialized equipment","2024-12-05 08:00 UTC","Critical (Significant disruption of internet connectivity and international communications)","Very Low (Requires advanced capabilities and resources)","Enhance underwater surveillance, collaborate with maritime security agencies, implement redundancy in network infrastructure.","Hypothetical","Motivated by geopolitical tensions, aiming to disrupt critical communications infrastructure. Difficult to attribute definitively without further investigation."
"Lone Wolf Extremist (Internal/External Threat)","Natural Gas Pipeline Compressor Station","Explosives Detonation","2025-01-01 00:00 EST","High (Localized explosion, potential for widespread damage depending on size and placement of explosives)","Low (Difficult to predict, requires acquisition of explosives and specific knowledge of target)","Enhance perimeter security, conduct regular inspections of critical infrastructure, implement employee training on identifying suspicious activity, improve community awareness.","Potential","Motivated by anti-government sentiments and a desire to disrupt societal functions. Could be inspired by online propaganda or previous attacks."
"Criminal Syndicate (External Threat)","Railway Signaling System near a Major City","Theft of critical components (Signaling Control Boxes, Copper Wiring) leading to train derailment risk","2025-02-14 19:30 CST","Medium (Potential for train derailment, injuries, and disruption of rail traffic)","Medium (Opportunity exists due to inadequate security measures and high value of stolen materials)","Improve physical security around railway infrastructure, install alarm systems, conduct regular patrols, implement asset tracking and inventory management.","Ongoing","Primarily motivated by financial gain, but the resulting disruption can have significant consequences. Increased reports of similar thefts in surrounding areas."
"Foreign Intelligence Service (External Threat)","Telecommunications Central Office","Insertion of hardware backdoor/tap into critical network infrastructure","2025-03-20 14:00 GMT","Critical (Long-term compromise of communication channels, data exfiltration potential)","Very Low (Requires sophisticated technical skills and insider access or stealthy physical intrusion)","Implement strict supply chain security measures, conduct regular hardware audits, enhance insider threat detection programs, employ advanced network monitoring techniques.","Suspected","Looking for long term strategic advantage. May initially appear as regular maintenance activity."
"Internal Saboteur (Internal Threat)","Industrial Control Systems at a Pharmaceutical Manufacturing Facility","Malicious code injection into PLC programs leading to product contamination","2025-04-10 09:00 EDT","High (Potential for product recall, reputational damage, and financial losses)","Medium (Requires insider access and knowledge of PLC programming)","Implement stricter access controls for ICS systems, conduct regular security audits, implement code review processes, enhance employee training on security awareness.","Observed","Unusual changes detected in PLC configuration. Investigating potential insider threat."
"Unidentified Threat Actor","Data Center Cooling Infrastructure","Deliberate Overheating of Servers via HVAC system manipulation","2025-05-01 16:45 PDT","Medium (Server downtime, data loss, and financial losses)","Low (Requires physical access and knowledge of HVAC systems)","Enhance physical security measures, implement access control systems, monitor environmental sensors, develop incident response plan for data center outages.","Alert","Cooling system showing signs of tampering. Reviewing access logs and security footage."
"Terrorist Group (External Threat)","Bridges and Tunnels - Structural Supports","Explosive charges placed on structural supports.","2025-06-15 00:00 UTC","Critical (Structural Collapse, mass casualties)","Very Low (Requires detailed knowledge of structural integrity, hard to acquire explosives)","Increase security patrols, improve monitoring of infrastructure, Implement security protocols for emergency services.","Planned","Recent intelligence indicates possible attack, target of bridge is possible."
"Hacktivist Group (External Threat)","Renewable Energy Grid","Destruction of solar panel fields using drone-based weaponized chemical dispersion","2025-07-04 12:00 EST","Medium (Localized damage to energy production, environmental impact)","Low (Requires drone deployment, chemical acquisition, and accurate targeting)","Increase perimeter security, deploy drone detection and mitigation systems, implement emergency response protocols.","Pending","Group has made online threats against sustainable energy sources."
