ThreatOrigin,ImpactedAsset,ExploitUsed,ObservedDate,SeverityLevel,LikelihoodScore,PotentialDamage,MitigationStrategy,DetectionMethod,AnalystNotes
NationState_APT1,POS_Terminal_Store_A,Credential_Stuffing,2024-10-26_02:15:00,High,7,Financial_Loss,Implement_MFA_on_POS_Systems,SIEM_Alert_Failed_Login_Attempts,"Compromised credentials used after large scale breach. Investigating data exfiltration."
OrganizedCrime_FIN7,ECommerce_Website,SQL_Injection,2024-10-27_14:30:00,Critical,9,Reputation_Damage,WAF_Rule_Update_and_Code_Review,IDS_Signature_SQL_Injection,"Suspected card skimming campaign. Immediate patching required."
Hacktivist_Anonymous,SocialMedia_MarketingPlatform,DDoS_Attack,2024-10-28_09:00:00,Medium,5,Service_Disruption,Implement_Rate_Limiting_and_DDoS_Protection,Network_Traffic_Analysis,"Political motivation, minor disruption, but monitor for escalation."
Insider_Threat_Malicious,CustomerDatabase_Server,Data_Exfiltration_USB,2024-10-28_17:45:00,High,6,Compliance_Violation_GDPR,Implement_Data_Loss_Prevention,Endpoint_Monitoring,"Former employee accessed sensitive data prior to termination. Legal team notified."
SupplyChain_Compromise,PaymentGateway_API,Malicious_Code_Injection,2024-10-29_03:00:00,Critical,8,Financial_Fraud,Isolate_and_Patch_Affected_Systems,Code_Integrity_Monitoring,"Third-party library compromised. Impact assessment ongoing."
Ransomware_Group_LockBit,StoreNetwork_FileServer,Ransomware_Encryption,2024-10-30_11:20:00,Critical,7,Business_Interruption,Incident_Response_Plan_Activated,Antivirus_Detection,"Phishing email with malicious attachment. Data recovery in progress."
ScriptKiddie_LulzSecVariant,StoreWiFi_GuestNetwork,ManInTheMiddle_Attack,2024-10-31_20:00:00,Low,3,Data_Theft_Minor,Implement_HTTPS_Everywhere,Network_Sniffing_Detection,"Intercepted unencrypted traffic on guest network. Educate users on VPN usage."
Competitor_CorporateEspionage,PricingDatabase_Server,SocialEngineering_Phishing,2024-11-01_08:00:00,Medium,4,Competitive_Disadvantage,Employee_Security_Training,Email_Filtering,"Targeted phishing campaign against sales team. Strengthening email security protocols."
AutomatedBot_ScraperBot,Website_ProductCatalog,Web_Scraping,2024-11-02_16:00:00,Low,2,Resource_Exhaustion,Implement_CAPTCHA_and_Rate_Limiting,Web_Server_Logs,"Excessive scraping activity. Implementing bot detection measures."
FormerEmployee_Disgruntled,InternalWiki_SharePoint,PrivilegeAbuse_DataDeletion,2024-11-03_10:00:00,Medium,5,Reputation_Damage,Revoke_Access_and_Monitor_Activity,Audit_Logs,"Deleted sensitive internal documentation. Forensics investigation underway."
CloudProviderIssue_AWS,DatabaseBackup_S3Bucket,Misconfiguration_PublicAccess,2024-11-04_05:00:00,Critical,6,DataBreach_Potential,ReviewCloudSecurityConfig,CloudSecurityMonitoring,"S3 bucket with customer data accidentally made public. Remediation complete, investigating scope."
InsiderThreat_Negligent,CustomerServiceRecords_CRM,AccidentalDisclosure_Email,2024-11-05_13:00:00,Low,3,PrivacyViolation_Minor,EmployeeRetraining,DLP_RuleViolation,"Employee accidentally sent customer data to wrong email address. Implementing stricter data handling policies."
MalwareBotnet_MiraiVariant,IoTDevices_StoreCameras,BruteForce_Login,2024-11-06_18:00:00,Medium,4,NetworkCongestion_Potential,FirmwareUpdate_and_PasswordReset,NetworkIntrusionDetection,"Compromised security cameras used in DDoS attack. Strengthening IoT device security."
VulnerabilityScanner_Nessus,WebApplications_Various,UnpatchedVulnerability_Generic,2024-11-07_02:00:00,High,7,SystemCompromise_Potential,PatchManagementProcess,VulnerabilityScanningReports,"Identified critical vulnerabilities in multiple web applications. Prioritizing patching."
PhishingCampaign_BEC,FinanceDepartment_Email,InvoiceFraud_WireTransfer,2024-11-08_09:00:00,Critical,8,FinancialLoss_Significant,EmployeeSecurityTraining,FinancialTransactionMonitoring,"Business Email Compromise targeting finance department. Implementing stricter wire transfer verification processes."
