AssessmentID,EventDate,CompromisedAsset,ThreatOrigin,AttackVector,ImpactDescription,MitigationSteps,ConfidenceLevel,ReportedBy,FollowUpRequired
UA2024-07-26-001,2024-07-26 02:15:00,SCADA Server - Water Treatment Plant 1,Nation-State Actor (Suspected - China),Supply Chain Attack (Compromised Software Update),Loss of real-time monitoring, potential water contamination,Implement network segmentation, continuous monitoring, verify software updates from trusted sources,High,Security Analyst,Yes
UA2024-07-26-002,2024-07-26 04:30:00,Energy Grid Management System,Criminal Group (Ransomware),Phishing Email (Spear Phishing),Denial of service, potential power outage,Implement multi-factor authentication, user awareness training, regular backups,Medium,IT Administrator,Yes
UA2024-07-26-003,2024-07-26 07:00:00,Communication Network Infrastructure,Hacktivist Group (Motivated by Environmental Concerns),DDoS Attack,Disruption of communication, delayed response times,Implement DDoS mitigation services, rate limiting, anomaly detection,Medium,Network Engineer,No
UA2024-07-26-004,2024-07-26 09:45:00,Industrial Control Systems (ICS) - Gas Pipeline,Insider Threat (Disgruntled Employee),Unauthorized Access,Potential safety hazard, pipeline disruption,Implement strong access controls, background checks, monitor employee activity,High,Security Manager,Yes
UA2024-07-26-005,2024-07-26 12:00:00,Smart Meter Infrastructure,Automated Botnet,Brute Force Attack,Data breach, billing irregularities,Implement strong passwords, rate limiting, CAPTCHA,Low,Data Analyst,No
UA2024-07-26-006,2024-07-26 14:30:00,Nuclear Power Plant Control Systems,Advanced Persistent Threat (APT),Zero-Day Exploit,Potential catastrophic failure, loss of life,Implement air-gapped network, intrusion detection system, regular security audits,Critical,Incident Response Team,Yes
UA2024-07-26-007,2024-07-26 16:15:00,Wastewater Treatment Plant SCADA System,Unknown,SQL Injection,System compromise, environmental damage,Implement web application firewall, input validation, penetration testing,Medium,Software Developer,Yes
UA2024-07-26-008,2024-07-26 18:00:00,Hydroelectric Dam Monitoring System,Nation-State Actor (Suspected - Russia),Firmware Modification,Damage to equipment, potential flooding,Implement secure boot, integrity monitoring, vulnerability management,High,SCADA Engineer,Yes
UA2024-07-26-009,2024-07-26 20:45:00,Renewable Energy Grid (Solar Farms),Criminal Group (Extortion),Ransomware Attack,Service disruption, financial loss,Implement offsite backups, incident response plan, cyber insurance,Medium,CISO,Yes
UA2024-07-26-010,2024-07-26 23:00:00,Building Automation System (HVAC Control),Script Kiddie,Shodan Search/Default Credentials,Temperature regulation failure, discomfort,Implement password changes, firewall rules, security awareness training,Low,Facilities Manager,No
