AssessmentID,IssueDate,Subject,Tactic,Perpetrator,Timing,Severity,Confidence,Motive,ImpactArea,ResponseRecommendation
TA-2024-10-27-001,2024-10-27 09:00:00,"Disinformation Campaign Targeting Senator Anya Sharma","Amplification of existing negative narratives",Nation-state affiliated troll farm (Suspected, IP analysis pending),2024-10-26 14:00:00,High,Medium,"Political disruption, erode public trust",Public opinion,Monitor social media, engage in counter-narrative, alert Senator's office
TA-2024-10-27-002,2024-10-27 09:15:00,"Disinformation Campaign Targeting Congressman David Lee","Creation and dissemination of deepfake video",Domestic extremist group (Identified based on online forum activity),2024-10-27 02:00:00,Critical,High,"Damage reputation, influence upcoming election",Political standing,Immediately contact law enforcement, issue public statement denouncing the video
TA-2024-10-27-003,2024-10-27 09:30:00,"Disinformation Campaign Targeting Governor Isabella Rodriguez","Spreading false rumors about financial impropriety",Organized crime syndicate (Suspected, financial trail analysis ongoing),2024-10-25 18:00:00,Medium,Low,"Extortion, leverage for future dealings",Government operations,Investigate rumors internally, strengthen financial security protocols
TA-2024-10-27-004,2024-10-27 09:45:00,"Disinformation Campaign Targeting Mayor John Chen","Creation of fake news websites promoting opposing candidate",Rival political campaign (Allegations under investigation),2024-10-24 10:00:00,Medium,Medium,"Gain political advantage, sway voters",Local elections,Monitor online news sources, consider legal action for defamation
TA-2024-10-27-005,2024-10-27 10:00:00,"Disinformation Campaign Targeting Senator Anya Sharma","Automated bot network posting fabricated quotes on social media",Unknown (Attribution difficult, using VPNs and proxy servers),2024-10-27 06:00:00,Low,Low,"Disrupt communication, spread confusion",Public perception,Report bot activity to social media platforms, track emerging narratives
TA-2024-10-27-006,2024-10-27 10:15:00,"Disinformation Campaign Targeting Congressman David Lee","Targeted email phishing campaign distributing misinformation",Nation-state actor (Suspected based on TTPs),2024-10-23 08:00:00,High,Medium,"Compromise accounts, steal sensitive information, spread disinformation",Data security,Implement multi-factor authentication, conduct employee training, scan for compromised accounts
TA-2024-10-27-007,2024-10-27 10:30:00,"Disinformation Campaign Targeting Governor Isabella Rodriguez","Coordination of protests based on false pretenses",Grassroots organization (Infiltrated and manipulated by external actors),2024-10-26 10:00:00,Medium,Medium,"Create social unrest, undermine public confidence",Public safety,Engage with community leaders, address concerns transparently, monitor protest activity
TA-2024-10-27-008,2024-10-27 10:45:00,"Disinformation Campaign Targeting Mayor John Chen","Use of manipulated images to portray misconduct",Anonymous online account (Likely linked to political opposition),2024-10-25 20:00:00,Low,Medium,"Damage reputation, influence public opinion",Local politics,Discredit the manipulated images, provide factual counter-evidence, identify source if possible
TA-2024-10-27-009,2024-10-27 11:00:00,"Disinformation Campaign Targeting Senator Anya Sharma","Malicious edits to Wikipedia pages",Ideologically motivated individual (Confirmed, identified user with history of biased edits),2024-10-27 00:00:00,Low,High,"Spread propaganda, alter historical record",Public knowledge,Revert edits, monitor Wikipedia page for further manipulation, report user to Wikipedia
TA-2024-10-27-010,2024-10-27 11:15:00,"Disinformation Campaign Targeting Congressman David Lee","Infiltration of online forums to spread misinformation",Foreign intelligence agency (Suspected based on language and topic focus),2024-10-24 16:00:00,Medium,Low,"Influence policy decisions, create social division",International relations,Monitor online forums, counter misinformation, report suspicious activity to relevant authorities
