"Origin","Aim","Assault_Type","Launch_Date_Time","Potential_Impact","Mitigation_Strategies","Confidence_Level","Supporting_Evidence"
"Foreign Influence Operation (Likely Russia)","US Presidential Election 2024","Disinformation Campaign (Social Media Amplification of False Narratives)","2024-09-15 08:00:00 UTC","Erosion of Public Trust in Electoral Process, Voter Suppression, Increased Political Polarization","Active Monitoring of Social Media, Counter-Narrative Campaigns, Public Awareness Initiatives, Collaboration with Social Media Platforms to Remove Disinformation","High","Observed Past Tactics, Intelligence Reporting, Network Analysis of Bot Activity"
"Domestic Extremist Group (Anti-Government)","Local School Board Election, Anytown, USA","Physical Disruption of Polling Place (Blocking Access, Intimidation)","2024-11-05 06:00:00 Local","Lower Voter Turnout, Delays in Voting Process, Potential for Violence","Increased Security Presence at Polling Places, Coordination with Law Enforcement, Volunteer Poll Monitors, Clear Communication of Rules of Conduct","Medium","Monitoring of Online Forums, Analysis of Group Communications, Past Behavior of Similar Groups"
"Hacktivist Collective (Ideologically Motivated)","State Election Website","DDoS Attack (Denial of Service)","2024-10-20 12:00:00 UTC","Website Unavailability, Inconvenience to Voters, Potential for Misinformation if Website is Compromised Further","Enhanced Website Security, DDoS Mitigation Services, Redundant Infrastructure, Incident Response Plan","Medium","Past Attacks on Similar Targets, Public Statements by the Collective, Monitoring of Hacker Forums"
"Organized Crime Syndicate","Congressional Primary Election","Voter Registration Fraud (Duplicate Registrations, Falsified Information)","2024-05-01 00:00:00 Local","Inaccurate Voter Rolls, Potential for Illegal Voting, Erosion of Public Trust","Data Analytics to Identify Suspicious Registrations, Cross-Referencing with Other Databases, Audits of Voter Registration Rolls, Collaboration with Law Enforcement","Low","Anecdotal Evidence, Historical Precedent in Similar Elections, Lack of Concrete Intelligence"
"Nation-State Actor (Likely China)","US National Security Discussions","Compromise of Election Infrastructure (Voting Machines, Databases)","Ongoing (Discovered 2024-01-10)","Potential for Manipulation of Election Results, Loss of Public Confidence, National Security Implications","Enhanced Cybersecurity Measures, Vulnerability Assessments, Penetration Testing, Collaboration with Cybersecurity Experts, Redundancy and Backups","High","Indicators of Compromise (IOCs) on Election Systems, Attribution Analysis, Intelligence Reporting"
"Disgruntled Insider (Election Official)","County Elections Office","Data Breach (Theft of Voter Data)","2024-07-15 18:00:00 Local","Exposure of Sensitive Voter Information, Potential for Identity Theft, Erosion of Public Trust","Background Checks for Election Officials, Access Controls, Data Encryption, Security Awareness Training, Monitoring of System Activity","Medium","Internal Audit Findings, Suspicious Activity Logs, Employee Disgruntlement"
"Rival Political Campaign","Mayoral Election","Spread of Rumors and False Accusations","2024-10-27 10:00:00 Local","Damage to Candidate Reputation, Voter Confusion, Decreased Voter Turnout","Public Statements, Media Outreach, Legal Action (if necessary), Fact-Checking Initiatives","High","Campaign Finance Records, Email Communications, Social Media Posts"
"Cyber Criminal Group","Election Funding Platform","Ransomware Attack","2024-03-01 09:00:00 Local","Disruption of Fundraising, Financial Losses, Reputational Damage","Regular Backups, Strong Cybersecurity Posture, Up-to-date Software, Incident Response Plan","Medium","Threat Intelligence, Previous Attacks on Similar Platforms"
"Automated Bot Network","Online Political Debate","Flooding with Propaganda and Disruptive Comments","2024-08-10 20:00:00 Local","Obscuring Legitimate Dialogue, Spreading Misinformation, Creating a Toxic Online Environment","Automated Bot Detection, User Reporting Mechanisms, Content Moderation Policies, Community Guidelines","High","Automated Account Analysis, Network Traffic Monitoring"
"Unknown","Early Voting Location","Bomb Threat (Hoax)","2024-10-28 11:30:00 Local","Temporary Disruption of Voting, Fear and Panic, Strain on Law Enforcement Resources","Evacuation Procedures, Coordination with Law Enforcement, Thorough Investigation, Public Reassurance","Low","Anonymous Phone Call"
